N,Bias,Source,Type,ln_N,Predicted_Bias,Residual
1000.0,-7.87,原始数据,精确,6.907755278982137,-8.86843838410345,0.9984383841034505
10000.0,-7.87,原始数据,精确,9.210340371976184,-6.584528812052641,-1.2854711879473593
1000000.0,-7.87,中等数据,精确,13.815510557964274,-4.345152557351796,-3.5248474426482037
10000000.0,-3.66,扩展数据,精确,16.11809565095832,-3.713510359195426,0.053510359195426016
150000000.0,-0.68,Tier 1,精确,18.82614585206053,-3.1712810446536674,2.4912810446536673
1000000000.0,-0.49,10⁹验证,精确,20.72326583694641,-2.876975786078991,2.386975786078991
1000000000000.0,0.28,10¹²蒙特卡洛,采样,27.631021115928547,-2.150309620000916,2.4303096200009158
